Alan Ford;252;Una trappola firmata 3 esse ;Warco ;Bunker Max;Max Bunker Production;F
Alan Ford;255;Finalissima al cianuro ;Warco ;Bunker Max;Max Bunker Production;F
Alan Ford;258;Una sottile vendetta ;Warco ;Bunker Max;Max Bunker Production;F
Alan Ford;261;Veget-Scout ;Warco ;Bunker Max;Max Bunker Production;F
Alan Ford;264;L`insultatore pubblico N.1 ;Warco ;Bunker Max;Max Bunker Production;F
Alan Ford;267;Bum Factory ;Warco ;Bunker Max;Max Bunker Production;F
Alan Ford;270;Mister Christmas ;Warco ;Bunker Max;Max Bunker Production;F
Alan Ford;273;Non fare lo stupido ;Warco ;Bunker Max;Max Bunker Production;F
Alan Ford;276;Un giorno da leone ;Warco ;Bunker Max;Max Bunker Production;F
Alan Ford;279;Tele X ;Warco ;Bunker Max;Max Bunker Production;F
Alan Ford;282;Ariveduorci, adio! ;Warco ;Bunker Max;Max Bunker Production;F
Alan Ford;285;Sinfonia di primavera ;Warco ;Bunker Max;Max Bunker Production;F
Alan Ford;288;I 4 ossi ;Warco ;Bunker Max;Max Bunker Production;F
Alan Ford;291;Superciuk e` tornato tra noi ;Warco ;Bunker Max;Max Bunker Production;F
Alan Ford;299;Una giornata nera ;Warco ;Bunker Max;Max Bunker Production;F
Alan Ford;304;La banda di testa quadrata ;Warco ;Bunker Max;Max Bunker Production;F
Alan Ford;307;Il tesoro del pendolino ;Warco ;Bunker Max;Max Bunker Production;F
Alan Ford;309;Baseball ;Warco ;Bunker Max;Max Bunker Production;F
Alan Ford;314;Colpo gobbo ;Warco ;Bunker Max;Max Bunker Production;F
Alan Ford;315;Prigioniero di Morgana ;Warco ;Bunker Max;Max Bunker Production;F
Alan Ford;322;Un telefono per amico ;Warco ;Bunker Max;Max Bunker Production;F
Alan Ford;328;Nuvole ;Warco ;Bunker Max;Max Bunker Production;F
Alan Ford;332;Briciole ;Warco ;Bunker Max;Max Bunker Production;F
Alan Ford;342;La rapina di Natale ;Warco ;Bunker Max;Max Bunker Production;F
Alan Ford;352;Paga 2 e uccidi 3 ;Warco ;Bunker Max;Max Bunker Production;F
Alan Ford;355;Vorrei tanto ma posso poco ;Warco ;Bunker Max;Max Bunker Production;F
Alan Ford;364;7 chili in 7 ore ;Warco ;Bunker Max;Max Bunker Production;F
Alan Ford;366;Lo sciacallo ;Warco ;Bunker Max;Max Bunker Production;F
Alan Ford;368;Target zero ;Warco ;Bunker Max;Max Bunker Production;F
Alan Ford;371;L`indiziato / Kriminalissimo (doppio) ;Warco ;Bunker Max;Max Bunker Production;F
Alan Ford;375;Berto e Berta alla riscossa ;Warco ;Bunker Max;Max Bunker Production;F
Alan Ford;378;Hackers ;Warco ;Bunker Max;Max Bunker Production;F
Alan Ford;130;Ostix ;Staff di If ;Bunker Max;Max Bunker Production;F
Alan Ford;136;Qui si sanax ;Staff di If ;Bunker Max;Max Bunker Production;F
Alan Ford;139;La prima note dell` anno ;Staff di If ;Bunker Max;Max Bunker Production;F
Alan Ford;171;Superciukissimo ;Monica R D;Bunker Max;Max Bunker Production;F
Alan Ford;174;Bellegambe Betty ;Monica R D;Bunker Max;Max Bunker Production;F
Alan Ford;177;L`uomo venuto dal Texas ;Monica R D;Bunker Max;Max Bunker Production;F
Alan Ford;179;Una rosa per Bob ;Monica R D;Bunker Max;Max Bunker Production;F
Alan Ford;182;T. I. R. ;Monica R D;Bunker Max;Max Bunker Production;F
Alan Ford;184;Il Numero Une e` morto! ;Monica R D;Bunker Max;Max Bunker Production;F
Alan Ford;186;Triplo gioco ;Monica R D;Bunker Max;Max Bunker Production;F
Alan Ford;188;L`ombra di colui che fu ;Monica R D;Bunker Max;Max Bunker Production;F
Alan Ford;189;Trombisti di tutto il mondo unitevi ;Monica R D;Bunker Max;Max Bunker Production;F
Alan Ford;191;Faccia da sbirro ;Monica R D;Bunker Max;Max Bunker Production;F
Alan Ford;192;Bob, il caso Pancotto e` tuo ;Monica R D;Bunker Max;Max Bunker Production;F
Alan Ford;194;Bakara! ;Monica R D;Bunker Max;Max Bunker Production;F
Alan Ford;195;L`ibernato ;Monica R D;Bunker Max;Max Bunker Production;F
Alan Ford;76;Mi ricordo che... ;Piffarerio Paolo;Bunker Max;Max Bunker Production;F
Alan Ford;77;Succursale inauguarasi ;Piffarerio Paolo;Bunker Max;Max Bunker Production;F
Alan Ford;78;Una missiva importante ;Piffarerio Paolo;Bunker Max;Max Bunker Production;F
Alan Ford;79;Natale al corso ;Piffarerio Paolo;Bunker Max;Max Bunker Production;F
Alan Ford;80;Niagara ;Piffarerio Paolo;Bunker Max;Max Bunker Production;F
Alan Ford;81;L`evasione di Arsenico Lupon ;Piffarerio Paolo;Bunker Max;Max Bunker Production;F
Alan Ford;82;Un viaggio a razzo ;Piffarerio Paolo;Bunker Max;Max Bunker Production;F
Alan Ford;83;Giallissimo ;Piffarerio Paolo;Bunker Max;Max Bunker Production;F
Alan Ford;84;Il sergente Gruber ;Piffarerio Paolo;Bunker Max;Max Bunker Production;F
Alan Ford;85;Alta finanza ;Piffarerio Paolo;Bunker Max;Max Bunker Production;F
Alan Ford;86;Polo freddo ;Piffarerio Paolo;Bunker Max;Max Bunker Production;F
Alan Ford;87;Super Super Superciuk ;Piffarerio Paolo;Bunker Max;Max Bunker Production;F
Alan Ford;88;Beppa Giosef alla riscossa ;Piffarerio Paolo;Bunker Max;Max Bunker Production;F
Alan Ford;89;Il Benefattore ;Piffarerio Paolo;Bunker Max;Max Bunker Production;F
Alan Ford;90;Il botto delle 12 e 15 ;Piffarerio Paolo;Bunker Max;Max Bunker Production;F
Alan Ford;91;Pop Art ;Piffarerio Paolo;Bunker Max;Max Bunker Production;F
Alan Ford;92;Il terribile Krack-Fu ;Piffarerio Paolo;Bunker Max;Max Bunker Production;F
Alan Ford;93;Riappare Baby Kate ;Piffarerio Paolo;Bunker Max;Max Bunker Production;F
Alan Ford;94;Il piromane ;Piffarerio Paolo;Bunker Max;Max Bunker Production;F
Alan Ford;95;Luna chiama Skylab ;Piffarerio Paolo;Bunker Max;Max Bunker Production;F
Alan Ford;96;La minaccia dallo spazio ;Piffarerio Paolo;Bunker Max;Max Bunker Production;F
Alan Ford;97;Il pugno proibito ;Piffarerio Paolo;Bunker Max;Max Bunker Production;F
Alan Ford;98;Una ragazza di nome Brenda ;Piffarerio Paolo;Bunker Max;Max Bunker Production;F
Alan Ford;99;Broadway ;Piffarerio Paolo;Bunker Max;Max Bunker Production;F
Alan Ford;100;Le colline nere del Sud Dakota ;Piffarerio Paolo;Bunker Max;Max Bunker Production;F
Alan Ford;101;Funeral party ;Piffarerio Paolo;Bunker Max;Max Bunker Production;F
Alan Ford;102;La banda degli straccioni ;Piffarerio Paolo;Bunker Max;Max Bunker Production;F
Alan Ford;103;La statua della liberta` e` scomparasa ;Piffarerio Paolo;Bunker Max;Max Bunker Production;F
Alan Ford;104;Scacco matto al Trio Fantasticus ;Piffarerio Paolo;Bunker Max;Max Bunker Production;F
Alan Ford;105;Il grande giorno di Marajah Blitz ;Piffarerio Paolo;Bunker Max;Max Bunker Production;F
Alan Ford;106;Do-Re-Mi ;Piffarerio Paolo;Bunker Max;Max Bunker Production;F
Alan Ford;107;Safari alla rogna ;Piffarerio Paolo;Bunker Max;Max Bunker Production;F
Alan Ford;108;Dai, dai Samurai ;Piffarerio Paolo;Bunker Max;Max Bunker Production;F
Alan Ford;109;La beffa di Clodoveo ;Piffarerio Paolo;Bunker Max;Max Bunker Production;F
Alan Ford;110;Gommaflex ;Piffarerio Paolo;Bunker Max;Max Bunker Production;F
Alan Ford;111;Mistero alla fattoria ;Piffarerio Paolo;Bunker Max;Max Bunker Production;F
Alan Ford;112;Ipnos ;Piffarerio Paolo;Bunker Max;Max Bunker Production;F
Alan Ford;113;La gamba de legn ;Piffarerio Paolo;Bunker Max;Max Bunker Production;F
Alan Ford;115;Destinazione Chicago ;Piffarerio Paolo;Bunker Max;Max Bunker Production;F
Alan Ford;116;Ai bei tempi che furono ;Piffarerio Paolo;Bunker Max;Max Bunker Production;F
Alan Ford;117;Superciuk vive ancora ;Piffarerio Paolo;Bunker Max;Max Bunker Production;F
Alan Ford;118;Per un goccio di barbera in piu` ;Piffarerio Paolo;Bunker Max;Max Bunker Production;F
Alan Ford;119;Fauci ;Piffarerio Paolo;Bunker Max;Max Bunker Production;F
Alan Ford;120;Katodik ;Piffarerio Paolo;Bunker Max;Max Bunker Production;F
Alan Ford;122;Il giorno delle vendette ;Piffarerio Paolo;Bunker Max;Max Bunker Production;F
Alan Ford;123;L`ombra di Katodik ;Piffarerio Paolo;Bunker Max;Max Bunker Production;F
Alan Ford;125;Super razza maggiore ;Piffarerio Paolo;Bunker Max;Max Bunker Production;F
Alan Ford;126;El Rapador ;Piffarerio Paolo;Bunker Max;Max Bunker Production;F
Alan Ford;127;Frod uno, Frod due ;Piffarerio Paolo;Bunker Max;Max Bunker Production;F
Alan Ford;128;Mexico ole` ;Piffarerio Paolo;Bunker Max;Max Bunker Production;F
Alan Ford;129;Caramba ;Piffarerio Paolo;Bunker Max;Max Bunker Production;F
Alan Ford;131;Luna Park ;Piffarerio Paolo;Bunker Max;Max Bunker Production;F
Alan Ford;133;Ritorna Gommaflex ;Piffarerio Paolo;Bunker Max;Max Bunker Production;F
Alan Ford;134;La vendetta di Gommaflex ;Piffarerio Paolo;Bunker Max;Max Bunker Production;F
Alan Ford;135;L`inafferrabile ;Piffarerio Paolo;Bunker Max;Max Bunker Production;F
Alan Ford;137;Kartoffeln ;Piffarerio Paolo;Bunker Max;Max Bunker Production;F
Alan Ford;138;Bob a due ;Piffarerio Paolo;Bunker Max;Max Bunker Production;F
Alan Ford;140;L`eredita` Texana ;Piffarerio Paolo;Bunker Max;Max Bunker Production;F
Alan Ford;141;Il genio della pubblicita` ;Piffarerio Paolo;Bunker Max;Max Bunker Production;F
Alan Ford;142;Il pescecane parlante ;Piffarerio Paolo;Bunker Max;Max Bunker Production;F
Alan Ford;143;Il nuovo Supefciuk ;Piffarerio Paolo;Bunker Max;Max Bunker Production;F
Alan Ford;144;La fiatata mortale ;Piffarerio Paolo;Bunker Max;Max Bunker Production;F
Alan Ford;145;Il nemico pubblico numero uno ;Piffarerio Paolo;Bunker Max;Max Bunker Production;F
Alan Ford;146;Rebus ;Piffarerio Paolo;Bunker Max;Max Bunker Production;F
Alan Ford;148;Fifa al`Onu ;Piffarerio Paolo;Bunker Max;Max Bunker Production;F
Alan Ford;149;Wurdalack non molla, succhia! ;Piffarerio Paolo;Bunker Max;Max Bunker Production;F
Alan Ford;150;Kriminalissimo ;Piffarerio Paolo;Bunker Max;Max Bunker Production;F
Alan Ford;151;Il due di picche ;Piffarerio Paolo;Bunker Max;Max Bunker Production;F
Alan Ford;152;La lampada magica ;Piffarerio Paolo;Bunker Max;Max Bunker Production;F
Alan Ford;153;Il feticcio ;Piffarerio Paolo;Bunker Max;Max Bunker Production;F
Alan Ford;154;Roma, New York, Roma ;Piffarerio Paolo;Bunker Max;Max Bunker Production;F
Alan Ford;155;Melissa ;Piffarerio Paolo;Bunker Max;Max Bunker Production;F
Alan Ford;156;La melassa di Melissa ;Piffarerio Paolo;Bunker Max;Max Bunker Production;F
Alan Ford;157;Caccia a Melissa ;Piffarerio Paolo;Bunker Max;Max Bunker Production;F
Alan Ford;158;Il gobbo reale ;Piffarerio Paolo;Bunker Max;Max Bunker Production;F
Alan Ford;159;Il segreto del gobbo ;Piffarerio Paolo;Bunker Max;Max Bunker Production;F
Alan Ford;160;Il gioco della verita` ;Piffarerio Paolo;Bunker Max;Max Bunker Production;F
Alan Ford;161;Renato uno come te non c`e` nessuno ;Piffarerio Paolo;Bunker Max;Max Bunker Production;F
Alan Ford;162;Sketches ;Piffarerio Paolo;Bunker Max;Max Bunker Production;F
Alan Ford;163;Il ritorno impossibile (quasi) ;Piffarerio Paolo;Bunker Max;Max Bunker Production;F
Alan Ford;164;La vendetta del Cospiratore ;Piffarerio Paolo;Bunker Max;Max Bunker Production;F
Alan Ford;165;Ospedale San Demente ;Piffarerio Paolo;Bunker Max;Max Bunker Production;F
Alan Ford;166;Loggia P38 ;Piffarerio Paolo;Bunker Max;Max Bunker Production;F
Alan Ford;167;Losche trame ;Piffarerio Paolo;Bunker Max;Max Bunker Production;F
Alan Ford;169;A.P.S. (Assistenza Pronta Subito) ;Piffarerio Paolo;Bunker Max;Max Bunker Production;F
Alan Ford;170;L`imprevedibile ;Piffarerio Paolo;Bunker Max;Max Bunker Production;F
Alan Ford;172;Kron ;Piffarerio Paolo;Bunker Max;Max Bunker Production;F
Alan Ford;173;L`uomo computer ;Piffarerio Paolo;Bunker Max;Max Bunker Production;F
Alan Ford;176;Festival ;Piffarerio Paolo;Bunker Max;Max Bunker Production;F
Alan Ford;354;Lo spirito di Natale ;Piffarerio Paolo;Bunker Max;Max Bunker Production;F
Alan Ford;132;Ipnos suite ;Macchi P;Bunker Max;Max Bunker Production;F
Alan Ford;175;L`abbuffata di Natale ;Chiarini P;Bunker Max;Max Bunker Production;F
Alan Ford;178;Che fine ha fatto Puzzone Massey? ;Chiarini P;Bunker Max;Max Bunker Production;F
Alan Ford;181;Olimpiadi gialle ;Chiarini P;Bunker Max;Max Bunker Production;F
Alan Ford;330;Natale al solleone ;Oskar ;Bunker Max;Max Bunker Production;F
Alan Ford;365;Frick ;Oskar ;Bunker Max;Max Bunker Production;F
Alan Ford;306;Magro Natale ;Pistolato O;Bunker Max;Max Bunker Production;F
Alan Ford;349;Viaggi O.K. tutto compreso! ;Pistolato O;Bunker Max;Max Bunker Production;F
Alan Ford;350;Oh-oh Strabalda / Cosi` nacque il Gruppo TNT (doppio) ;Pistolato O;Bunker Max;Max Bunker Production;F
Alan Ford;351;Lollipop ;Pistolato O;Bunker Max;Max Bunker Production;F
Alan Ford;376;L`anima gemella ;Pistolato O;Bunker Max;Max Bunker Production;F
Alan Ford;379;Week-end ;Pistolato O;Bunker Max;Max Bunker Production;F
Alan Ford;381;Gelato gusto branzino ;Pistolato O;Bunker Max;Max Bunker Production;F
Alan Ford;391;Cogito ergo sum ;Pistolato O;Bunker Max;Max Bunker Production;F
Alan Ford;1;Il Gruppo T.N.T ;Magnus ;Bunker Max;Max Bunker Production;F
Alan Ford;2;Il dente cariato ;Magnus ;Bunker Max;Max Bunker Production;F
Alan Ford;3;Operazione Frankenstein ;Magnus ;Bunker Max;Max Bunker Production;F
Alan Ford;4;La casa dei fantasmi ;Magnus ;Bunker Max;Max Bunker Production;F
Alan Ford;5;Date! Date! Date! ;Magnus ;Bunker Max;Max Bunker Production;F
Alan Ford;6;Alex Barry non c`e` piu` ;Magnus ;Bunker Max;Max Bunker Production;F
Alan Ford;7;Una gita a San Guerreta ;Magnus ;Bunker Max;Max Bunker Production;F
Alan Ford;8;L`albero di Natale ;Magnus ;Bunker Max;Max Bunker Production;F
Alan Ford;9;Zoo symphony ;Magnus ;Bunker Max;Max Bunker Production;F
Alan Ford;10;Formule ;Magnus ;Bunker Max;Max Bunker Production;F
Alan Ford;11;Il Numero Uno ;Magnus ;Bunker Max;Max Bunker Production;F
Alan Ford;12;La triste storia di un giovane ricco ;Magnus ;Bunker Max;Max Bunker Production;F
Alan Ford;13;Golf ;Magnus ;Bunker Max;Max Bunker Production;F
Alan Ford;14;Uno, due, tre, quattro ;Magnus ;Bunker Max;Max Bunker Production;F
Alan Ford;15;Il colpo di fulmine ;Magnus ;Bunker Max;Max Bunker Production;F
Alan Ford;16;Un voto per Notax ;Magnus ;Bunker Max;Max Bunker Production;F
Alan Ford;17;Cure termali ;Magnus ;Bunker Max;Max Bunker Production;F
Alan Ford;18;Il cane da un milione di dollari ;Magnus ;Bunker Max;Max Bunker Production;F
Alan Ford;19;I 3 di Yuma ;Magnus ;Bunker Max;Max Bunker Production;F
Alan Ford;20;Frit Frut ;Magnus ;Bunker Max;Max Bunker Production;F
Alan Ford;21;Bombafobia ;Magnus ;Bunker Max;Max Bunker Production;F
Alan Ford;22;La paura fa spavento ;Magnus ;Bunker Max;Max Bunker Production;F
Alan Ford;23;Sogno di una notte di mezz`inverno ;Magnus ;Bunker Max;Max Bunker Production;F
Alan Ford;24;Boy-Scout ;Magnus ;Bunker Max;Max Bunker Production;F
Alan Ford;25;Due balzi in piu` ;Magnus ;Bunker Max;Max Bunker Production;F
Alan Ford;26;Superciuk ;Magnus ;Bunker Max;Max Bunker Production;F
Alan Ford;27;La minaccia alcoolica ;Magnus ;Bunker Max;Max Bunker Production;F
Alan Ford;28;Il fiasco spezzato ;Magnus ;Bunker Max;Max Bunker Production;F
Alan Ford;29;Circus ;Magnus ;Bunker Max;Max Bunker Production;F
Alan Ford;30;Santa Claus Story ;Magnus ;Bunker Max;Max Bunker Production;F
Alan Ford;31;Il giorno della befana ;Magnus ;Bunker Max;Max Bunker Production;F
Alan Ford;32;Quando il cuore fa bi-bim ba-bam ;Magnus ;Bunker Max;Max Bunker Production;F
Alan Ford;33;Lo spennagrulli ;Magnus ;Bunker Max;Max Bunker Production;F
Alan Ford;34;Bluefarm ;Magnus ;Bunker Max;Max Bunker Production;F
Alan Ford;35;La dozzina del pentagramma ;Magnus ;Bunker Max;Max Bunker Production;F
Alan Ford;36;Il Centurione ;Magnus ;Bunker Max;Max Bunker Production;F
Alan Ford;37;Il colonnello Lapislazuli ;Magnus ;Bunker Max;Max Bunker Production;F
Alan Ford;38;Le grandi vacanze ;Magnus ;Bunker Max;Max Bunker Production;F
Alan Ford;39;Belle Epoque ;Magnus ;Bunker Max;Max Bunker Production;F
Alan Ford;40;Ecologia ;Magnus ;Bunker Max;Max Bunker Production;F
Alan Ford;41;Missione da siuri ;Magnus ;Bunker Max;Max Bunker Production;F
Alan Ford;42;Grasso Natale ;Magnus ;Bunker Max;Max Bunker Production;F
Alan Ford;43;La festa di Capodanno ;Magnus ;Bunker Max;Max Bunker Production;F
Alan Ford;44;C`era una volta una taglia ;Magnus ;Bunker Max;Max Bunker Production;F
Alan Ford;45;Piano concerto al Centimetropolitan ;Magnus ;Bunker Max;Max Bunker Production;F
Alan Ford;46;Rischia o trapassa ;Magnus ;Bunker Max;Max Bunker Production;F
Alan Ford;47;La minaccia di Aseptik ;Magnus ;Bunker Max;Max Bunker Production;F
Alan Ford;48;Il ricco zio e` morto ;Magnus ;Bunker Max;Max Bunker Production;F
Alan Ford;49;Derby ;Magnus ;Bunker Max;Max Bunker Production;F
Alan Ford;50;Cosi` nacque il Gruppo TNT ;Magnus ;Bunker Max;Max Bunker Production;F
Alan Ford;51;Il ritorno di Superciuk ;Magnus ;Bunker Max;Max Bunker Production;F
Alan Ford;52;Il grande colpo di Superciuk ;Magnus ;Bunker Max;Max Bunker Production;F
Alan Ford;53;Arsenico Lupon ;Magnus ;Bunker Max;Max Bunker Production;F
Alan Ford;54;L`inghippo di Bu-Bu ;Magnus ;Bunker Max;Max Bunker Production;F
Alan Ford;55;Una trappola per il Gruppo TNT ;Magnus ;Bunker Max;Max Bunker Production;F
Alan Ford;56;Vuoi venire in crociera con me? ;Magnus ;Bunker Max;Max Bunker Production;F
Alan Ford;57;Salvateci per piacere grazie ;Magnus ;Bunker Max;Max Bunker Production;F
Alan Ford;58;Un salto nel vuoto ;Magnus ;Bunker Max;Max Bunker Production;F
Alan Ford;59;Intrigo a Montecalvo ;Magnus ;Bunker Max;Max Bunker Production;F
Alan Ford;60;Golpe ;Magnus ;Bunker Max;Max Bunker Production;F
Alan Ford;61;La testa di coccodrillo ;Magnus ;Bunker Max;Max Bunker Production;F
Alan Ford;62;I 3 Rock ;Magnus ;Bunker Max;Max Bunker Production;F
Alan Ford;63;Idem-Idem ;Magnus ;Bunker Max;Max Bunker Production;F
Alan Ford;64;Il trio Fantasticus ;Magnus ;Bunker Max;Max Bunker Production;F
Alan Ford;65;Un tiro mancino ;Magnus ;Bunker Max;Max Bunker Production;F
Alan Ford;66;Una losca vicenda ;Magnus ;Bunker Max;Max Bunker Production;F
Alan Ford;67;Quando necessita` impone ;Magnus ;Bunker Max;Max Bunker Production;F
Alan Ford;68;Un illecito sportivo ;Magnus ;Bunker Max;Max Bunker Production;F
Alan Ford;69;Un`idea a sorpresa ;Magnus ;Bunker Max;Max Bunker Production;F
Alan Ford;70;Girotondo con Rapiner ;Magnus ;Bunker Max;Max Bunker Production;F
Alan Ford;71;In Transilvania c`e` un castello che... ;Magnus ;Bunker Max;Max Bunker Production;F
Alan Ford;72;Natale col vampiro ;Magnus ;Bunker Max;Max Bunker Production;F
Alan Ford;73;Il dottor Cancer ;Magnus ;Bunker Max;Max Bunker Production;F
Alan Ford;74;Superciuk colpisce ancora ;Magnus ;Bunker Max;Max Bunker Production;F
Alan Ford;75;Cala la tela su Superciuk ;Magnus ;Bunker Max;Max Bunker Production;F
Alan Ford;200;Hic...hic...hurrah! ;Magnus ;Bunker Max;Max Bunker Production;F
Alan Ford;318;Spirito (non alcol) natalizio ;Paganini M;Bunker Max;Max Bunker Production;F
Alan Ford;215;Un tiro mancino ;Nizzoli M;Bunker Max;Max Bunker Production;F
Alan Ford;218;Fantasmagoria ;Nizzoli M;Bunker Max;Max Bunker Production;F
Alan Ford;222;A.V.E. (assicurazionevita eterna) ;Nizzoli M;Bunker Max;Max Bunker Production;F
Alan Ford;224;Il bambino prodigio ;Nizzoli M;Bunker Max;Max Bunker Production;F
Alan Ford;228;Il codice Graffiti ;Nizzoli M;Bunker Max;Max Bunker Production;F
Alan Ford;230;La banda dei 4 ;Nizzoli M;Bunker Max;Max Bunker Production;F
Alan Ford;232;Perestrojka ;Nizzoli M;Bunker Max;Max Bunker Production;F
Alan Ford;235;Il prigioniero della torre ;Nizzoli M;Bunker Max;Max Bunker Production;F
Alan Ford;237;La stirpe dei Mangia ;Nizzoli M;Bunker Max;Max Bunker Production;F
Alan Ford;216;Una bella macchina rossa ;Airaghi M;Bunker Max;Max Bunker Production;F
Alan Ford;242;Mistero un pochino svelato ;Tacconella G;Bunker Max;Max Bunker Production;F
Alan Ford;245;All`ombra della ghigliottina ;Tacconella G;Bunker Max;Max Bunker Production;F
Alan Ford;248;L`ultima lotta? ;Tacconella G;Bunker Max;Max Bunker Production;F
Alan Ford;114;Prugna secca ;Romanini G;Bunker Max;Max Bunker Production;F
Alan Ford;121;Tarlomania ;Romanini G;Bunker Max;Max Bunker Production;F
Alan Ford;124;Un di cosi ;Romanini G;Bunker Max;Max Bunker Production;F
Alan Ford;180;La fiamma di Olimpia ;Piccininno Giuliano;Bunker Max;Max Bunker Production;F
Alan Ford;183;Aerobic Dance ;Piccininno Giuliano;Bunker Max;Max Bunker Production;F
Alan Ford;185;Nella memoria del caro estinto ;Piccininno Giuliano;Bunker Max;Max Bunker Production;F
Alan Ford;187;Asta diabolica ;Piccininno Giuliano;Bunker Max;Max Bunker Production;F
Alan Ford;190;Il testamento del Numero Uno ;Piccininno Giuliano;Bunker Max;Max Bunker Production;F
Alan Ford;193;La trama del complotto ;Piccininno Giuliano;Bunker Max;Max Bunker Production;F
Alan Ford;196;L`affare si complica ;Piccininno Giuliano;Bunker Max;Max Bunker Production;F
Alan Ford;197;Scommettiamo? ;Piccininno Giuliano;Bunker Max;Max Bunker Production;F
Alan Ford;198;Un colpo al cuore ;Piccininno Giuliano;Bunker Max;Max Bunker Production;F
Alan Ford;199;La tomba violata ;Piccininno Giuliano;Bunker Max;Max Bunker Production;F
Alan Ford;201;Zanzaricerca ;Piccininno Giuliano;Bunker Max;Max Bunker Production;F
Alan Ford;203;Il pirata nero ;Piccininno Giuliano;Bunker Max;Max Bunker Production;F
Alan Ford;206;Cuccate il paninaro ;Piccininno Giuliano;Bunker Max;Max Bunker Production;F
Alan Ford;210;Vendetta a scacchi ;Piccininno Giuliano;Bunker Max;Max Bunker Production;F
Alan Ford;168;Portubell ;Morricone E;Bunker Max;Max Bunker Production;F
Alan Ford;205;Gia`, gia` giap ;Folli E;Bunker Max;Max Bunker Production;F
Alan Ford;208;Il vampiro radioattivo ;Folli E;Bunker Max;Max Bunker Production;F
Alan Ford;213;Uccidete il critico ;Folli E;Bunker Max;Max Bunker Production;F
Alan Ford;221;Topi d`albergo ;Folli E;Bunker Max;Max Bunker Production;F
Alan Ford;147;Il mostro di Lockness ;Perucca D;Bunker Max;Max Bunker Production;F
Alan Ford;202;Il trio della mutua ;Perucca D;Bunker Max;Max Bunker Production;F
Alan Ford;204;Pan 2000 ;Perucca D;Bunker Max;Max Bunker Production;F
Alan Ford;207;La copa de oro ;Perucca D;Bunker Max;Max Bunker Production;F
Alan Ford;209;Un po` di pazienza ;Perucca D;Bunker Max;Max Bunker Production;F
Alan Ford;211;Terrorism ;Perucca D;Bunker Max;Max Bunker Production;F
Alan Ford;212;L`idolo maledetto ;Perucca D;Bunker Max;Max Bunker Production;F
Alan Ford;214;Il Conte nei guai ;Perucca D;Bunker Max;Max Bunker Production;F
Alan Ford;217;Prudy, Prudy ;Perucca D;Bunker Max;Max Bunker Production;F
Alan Ford;219;Lenti da sole ;Perucca D;Bunker Max;Max Bunker Production;F
Alan Ford;220;Cuori solitari ;Perucca D;Bunker Max;Max Bunker Production;F
Alan Ford;223;Soft Killing ;Perucca D;Bunker Max;Max Bunker Production;F
Alan Ford;225;Arriba Superciuk ;Perucca D;Bunker Max;Max Bunker Production;F
Alan Ford;226;Finale a sorprese ;Perucca D;Bunker Max;Max Bunker Production;F
Alan Ford;227;Come ti muovi ti accoppio ;Perucca D;Bunker Max;Max Bunker Production;F
Alan Ford;229;Bordighera o morte! ;Perucca D;Bunker Max;Max Bunker Production;F
Alan Ford;231;Zoo follies ;Perucca D;Bunker Max;Max Bunker Production;F
Alan Ford;233;Spazzion Superciuk a rapporto! ;Perucca D;Bunker Max;Max Bunker Production;F
Alan Ford;234;Natale coi fiocchi ;Perucca D;Bunker Max;Max Bunker Production;F
Alan Ford;236;Vu` cumpra`? ;Perucca D;Bunker Max;Max Bunker Production;F
Alan Ford;238;Il documento maledetto ;Perucca D;Bunker Max;Max Bunker Production;F
Alan Ford;239;Missione suicida ;Perucca D;Bunker Max;Max Bunker Production;F
Alan Ford;240;Tradimento ;Perucca D;Bunker Max;Max Bunker Production;F
Alan Ford;241;Il naufragio della Daisy Lou ;Perucca D;Bunker Max;Max Bunker Production;F
Alan Ford;243;L`umo di Londra ;Perucca D;Bunker Max;Max Bunker Production;F
Alan Ford;244;La bella di Rio ;Perucca D;Bunker Max;Max Bunker Production;F
Alan Ford;246;Terremoto ;Perucca D;Bunker Max;Max Bunker Production;F
Alan Ford;247;Skate-board boys ;Perucca D;Bunker Max;Max Bunker Production;F
Alan Ford;249;Stretta finale ;Perucca D;Bunker Max;Max Bunker Production;F
Alan Ford;250;Il padrinino ;Perucca D;Bunker Max;Max Bunker Production;F
Alan Ford;251;Finalissima al cianuro ;Perucca D;Bunker Max;Max Bunker Production;F
Alan Ford;253;Anten-man ;Perucca D;Bunker Max;Max Bunker Production;F
Alan Ford;254;Catturate Anten-man! ;Perucca D;Bunker Max;Max Bunker Production;F
Alan Ford;256;Elvis `90 ;Perucca D;Bunker Max;Max Bunker Production;F
Alan Ford;257;Operazione recupero ;Perucca D;Bunker Max;Max Bunker Production;F
Alan Ford;259;Pazzie dell`anno ;Perucca D;Bunker Max;Max Bunker Production;F
Alan Ford;260;Cercate Tobia Quantrill ;Perucca D;Bunker Max;Max Bunker Production;F
Alan Ford;262;Una tomba per Bob ;Perucca D;Bunker Max;Max Bunker Production;F
Alan Ford;263;Zippel ;Perucca D;Bunker Max;Max Bunker Production;F
Alan Ford;265;Ritorna Anten-man! ;Perucca D;Bunker Max;Max Bunker Production;F
Alan Ford;266;Doppio Anten-man! ;Perucca D;Bunker Max;Max Bunker Production;F
Alan Ford;268;Desert Blitz ;Perucca D;Bunker Max;Max Bunker Production;F
Alan Ford;269;La mummia vivente ;Perucca D;Bunker Max;Max Bunker Production;F
Alan Ford;271;Turluk il grande muto ;Perucca D;Bunker Max;Max Bunker Production;F
Alan Ford;272;El Verdissimo ;Perucca D;Bunker Max;Max Bunker Production;F
Alan Ford;274;Brasilera ja-jai ;Perucca D;Bunker Max;Max Bunker Production;F
Alan Ford;275;Rapiti in cielo ;Perucca D;Bunker Max;Max Bunker Production;F
Alan Ford;277;Anten-boy ;Perucca D;Bunker Max;Max Bunker Production;F
Alan Ford;278;Audience o morte ;Perucca D;Bunker Max;Max Bunker Production;F
Alan Ford;280;Operazione Pochita ;Perucca D;Bunker Max;Max Bunker Production;F
Alan Ford;281;Non sparate m`arrendo! ;Perucca D;Bunker Max;Max Bunker Production;F
Alan Ford;283;Arakno ;Perucca D;Bunker Max;Max Bunker Production;F
Alan Ford;284;Tobia non ci sta ;Perucca D;Bunker Max;Max Bunker Production;F
Alan Ford;286;Chi non fu ma e` ;Perucca D;Bunker Max;Max Bunker Production;F
Alan Ford;287;SOS Pochita ;Perucca D;Bunker Max;Max Bunker Production;F
Alan Ford;289;Gna Gna Gno ;Perucca D;Bunker Max;Max Bunker Production;F
Alan Ford;290;Se la va, la va ;Perucca D;Bunker Max;Max Bunker Production;F
Alan Ford;292;Il Partito degli Sbevazzioni ;Perucca D;Bunker Max;Max Bunker Production;F
Alan Ford;293;I conti tornano ;Perucca D;Bunker Max;Max Bunker Production;F
Alan Ford;294;Un caso di coscienza ;Perucca D;Bunker Max;Max Bunker Production;F
Alan Ford;295;Riscatto per due ;Perucca D;Bunker Max;Max Bunker Production;F
Alan Ford;296;Una faccenda curiosa ;Perucca D;Bunker Max;Max Bunker Production;F
Alan Ford;297;La ruota del dinero ;Perucca D;Bunker Max;Max Bunker Production;F
Alan Ford;298;Basket! ;Perucca D;Bunker Max;Max Bunker Production;F
Alan Ford;300;Un invito invitante ;Perucca D;Bunker Max;Max Bunker Production;F
Alan Ford;301;La clinica dalla morte facile ;Perucca D;Bunker Max;Max Bunker Production;F
Alan Ford;302;Una vacanza sofferta ;Perucca D;Bunker Max;Max Bunker Production;F
Alan Ford;303;Il segreto di Morgana ;Perucca D;Bunker Max;Max Bunker Production;F
Alan Ford;305;Wurdalak Rock Band ;Perucca D;Bunker Max;Max Bunker Production;F
Alan Ford;308;Scherzi del tubo ;Perucca D;Bunker Max;Max Bunker Production;F
Alan Ford;310;Cercasi Giovanna ma con calma ;Perucca D;Bunker Max;Max Bunker Production;F
Alan Ford;311;Anten-Girl ;Perucca D;Bunker Max;Max Bunker Production;F
Alan Ford;312;Puff! ;Perucca D;Bunker Max;Max Bunker Production;F
Alan Ford;313;Furto al museo ;Perucca D;Bunker Max;Max Bunker Production;F
Alan Ford;316;Superciuk alla riscossa ;Perucca D;Bunker Max;Max Bunker Production;F
Alan Ford;317;Vendetta in fumo ;Perucca D;Bunker Max;Max Bunker Production;F
Alan Ford;319;Il Miracolo ;Perucca D;Bunker Max;Max Bunker Production;F
Alan Ford;320;Burlesque ;Perucca D;Bunker Max;Max Bunker Production;F
Alan Ford;321;The Mauritz Trippazza Show ;Perucca D;Bunker Max;Max Bunker Production;F
Alan Ford;323;Parabolik Man ;Perucca D;Bunker Max;Max Bunker Production;F
Alan Ford;324;Tempo Irreale ;Perucca D;Bunker Max;Max Bunker Production;F
Alan Ford;325;Il Gobbo ci riprova ;Perucca D;Bunker Max;Max Bunker Production;F
Alan Ford;326;Uovo a sorpresa ;Perucca D;Bunker Max;Max Bunker Production;F
Alan Ford;327;Il ritorno di Arakno ;Perucca D;Bunker Max;Max Bunker Production;F
Alan Ford;329;Il Pentito ;Perucca D;Bunker Max;Max Bunker Production;F
Alan Ford;331;Gna gna gno 2 - la vendetta ;Perucca D;Bunker Max;Max Bunker Production;F
Alan Ford;333;Due cuori e una capanna ;Perucca D;Bunker Max;Max Bunker Production;F
Alan Ford;334;E.B. ;Perucca D;Bunker Max;Max Bunker Production;F
Alan Ford;335;Se avessi un milione ;Perucca D;Bunker Max;Max Bunker Production;F
Alan Ford;336;Soap Opera ;Perucca D;Bunker Max;Max Bunker Production;F
Alan Ford;337;Sinceramente Vs. Burlesque ;Perucca D;Bunker Max;Max Bunker Production;F
Alan Ford;338;Volo USAF 317 ;Perucca D;Bunker Max;Max Bunker Production;F
Alan Ford;339;Il grande Panzarotti ;Perucca D;Bunker Max;Max Bunker Production;F
Alan Ford;340;Handicap ;Perucca D;Bunker Max;Max Bunker Production;F
Alan Ford;341;Votate Tromb (e sarete trombati) ;Perucca D;Bunker Max;Max Bunker Production;F
Alan Ford;343;31/12/2097;Perucca D;Bunker Max;Max Bunker Production;F
Alan Ford;344;Gratta e scappa ;Perucca D;Bunker Max;Max Bunker Production;F
Alan Ford;345;L`eredita` Rock ;Perucca D;Bunker Max;Max Bunker Production;F
Alan Ford;346;Www.trippazza.trip ;Perucca D;Bunker Max;Max Bunker Production;F
Alan Ford;347;Preso in castagna ;Perucca D;Bunker Max;Max Bunker Production;F
Alan Ford;348;Supermarket ;Perucca D;Bunker Max;Max Bunker Production;F
Alan Ford;353;Striscia l` immondizia ;Perucca D;Bunker Max;Max Bunker Production;F
Alan Ford;356;Canzoni da orbi ;Perucca D;Bunker Max;Max Bunker Production;F
Alan Ford;357;Zucca illuminata ;Perucca D;Bunker Max;Max Bunker Production;F
Alan Ford;358;Lo spettro di Canterville ;Perucca D;Bunker Max;Max Bunker Production;F
Alan Ford;359;Numeri / Il Gruppo T.N.T (doppio) ;Perucca D;Bunker Max;Max Bunker Production;F
Alan Ford;360;L`uomo invisibile ;Perucca D;Bunker Max;Max Bunker Production;F
Alan Ford;361;Crociera au pair ;Perucca D;Bunker Max;Max Bunker Production;F
Alan Ford;362;Banderas Carreras / Un fatto intrigante (doppio);Perucca D;Bunker Max;Max Bunker Production;F
Alan Ford;363;Riccardo III ;Perucca D;Bunker Max;Max Bunker Production;F
Alan Ford;367;L`alba del nuovo millennio ;Perucca D;Bunker Max;Max Bunker Production;F
Alan Ford;369;Amleto ;Perucca D;Bunker Max;Max Bunker Production;F
Alan Ford;370;Due camere piu cucina ;Perucca D;Bunker Max;Max Bunker Production;F
Alan Ford;372;Killer Affittasi ;Perucca D;Bunker Max;Max Bunker Production;F
Alan Ford;373;Hollywood, wow / La notte delle stelle (doppio);Perucca D;Bunker Max;Max Bunker Production;F
Alan Ford;374;Minga e manga / Sayonara (doppio);Perucca D;Bunker Max;Max Bunker Production;F
Alan Ford;377;O`core mio! ;Perucca D;Bunker Max;Max Bunker Production;F
Alan Ford;380;Slalom ;Perucca D;Bunker Max;Max Bunker Production;F
Alan Ford;382;T.N.T.: la nascita ;Perucca D;Bunker Max;Max Bunker Production;F
Alan Ford;383;Dimensione XL / Broadway (doppio) ;Perucca D;Bunker Max;Max Bunker Production;F
Alan Ford;384;Il presidente e impazzito ;Perucca D;Bunker Max;Max Bunker Production;F
Alan Ford;385;Mi gioco tutto alla roulette ;Perucca D;Bunker Max;Max Bunker Production;F
Alan Ford;386;Burlesque TV show / Spot (doppio) ;Perucca D;Bunker Max;Max Bunker Production;F
Alan Ford;387;Storie d`Altri Tempi (240 pagine);Perucca D;Bunker Max;Max Bunker Production;F
Alan Ford;388;Ritorno alla Dimensione XL ;Perucca D;Bunker Max;Max Bunker Production;F
Alan Ford;389;La bomba F.D.M. ;Perucca D;Bunker Max;Max Bunker Production;F
Alan Ford;390;Nave, Neve, Nove ;Perucca D;Bunker Max;Max Bunker Production;F
